[
  {
    "condition": "minecraft:value_check",
    "value": {
      "type": "minecraft:score",
      "target": {
        "type": "minecraft:fixed",
        "name": "z3xp4w8xhcfh3e5b"
      },
      "score": "global"
    },
    "range": {
      "min": 1
    }
  },
  {
    "condition": "minecraft:any_of",
    "terms": [
      {
        "condition": "minecraft:reference",
        "name": "flytre:z3xp4w8xhcfh3e5b/red"
      },
      {
        "condition": "minecraft:reference",
        "name": "flytre:z3xp4w8xhcfh3e5b/yellow"
      },
      {
        "condition": "minecraft:reference",
        "name": "flytre:z3xp4w8xhcfh3e5b/green"
      },
      {
        "condition": "minecraft:reference",
        "name": "flytre:z3xp4w8xhcfh3e5b/blue"
      }
    ]
  },
  {
    "condition": "minecraft:any_of",
    "terms": [
      {
        "condition": "minecraft:inverted",
        "term": {
          "condition": "minecraft:value_check",
          "value": {
            "type": "minecraft:score",
            "target": {
              "type": "minecraft:fixed",
              "name": "lockout"
            },
            "score": "stage"
          },
          "range": 1
        }
      },
      {
        "condition": "minecraft:inverted",
        "term": {
          "condition": "minecraft:value_check",
          "value": {
            "type": "minecraft:score",
            "target": {
              "type": "minecraft:fixed",
              "name": "completed"
            },
            "score": "z3xp4w8xhcfh3e5b"
          },
          "range": {
            "min": 1
          }
        }
      }
    ]
  }
]
