{
  "parent": "flytre:items/root",
  "criteria": {
    "4x2s3hvfm7eh3ajd": {
      "conditions": {
        "items": [
          {
            "items": [
              "polished_basalt"
            ]
          }
        ],
        "player": [
          {
            "condition": "minecraft:value_check",
            "value": {
              "type": "minecraft:score",
              "target": {
                "type": "minecraft:fixed",
                "name": "4x2s3hvfm7eh3ajd"
              },
              "score": "global"
            },
            "range": {
              "min": 1
            }
          }
        ]
      },
      "trigger": "minecraft:inventory_changed"
    }
  },
  "requirements": [
    [
      "4x2s3hvfm7eh3ajd"
    ]
  ],
  "rewards": {
    "function": "flytre:detect/4x2s3hvfm7eh3ajd/base"
  }
}