[
  {
    "condition": "minecraft:value_check",
    "value": {
      "type": "minecraft:score",
      "target": {
        "type": "minecraft:fixed",
        "name": "2awi2j180wt03aa6"
      },
      "score": "global"
    },
    "range": {
      "min": 1
    }
  },
  {
    "condition": "minecraft:any_of",
    "terms": [
      {
        "condition": "minecraft:reference",
        "name": "flytre:2awi2j180wt03aa6/red"
      },
      {
        "condition": "minecraft:reference",
        "name": "flytre:2awi2j180wt03aa6/yellow"
      },
      {
        "condition": "minecraft:reference",
        "name": "flytre:2awi2j180wt03aa6/green"
      },
      {
        "condition": "minecraft:reference",
        "name": "flytre:2awi2j180wt03aa6/blue"
      }
    ]
  },
  {
    "condition": "minecraft:any_of",
    "terms": [
      {
        "condition": "minecraft:inverted",
        "term": {
          "condition": "minecraft:value_check",
          "value": {
            "type": "minecraft:score",
            "target": {
              "type": "minecraft:fixed",
              "name": "lockout"
            },
            "score": "stage"
          },
          "range": 1
        }
      },
      {
        "condition": "minecraft:inverted",
        "term": {
          "condition": "minecraft:value_check",
          "value": {
            "type": "minecraft:score",
            "target": {
              "type": "minecraft:fixed",
              "name": "completed"
            },
            "score": "2awi2j180wt03aa6"
          },
          "range": {
            "min": 1
          }
        }
      }
    ]
  }
]
