{
  "parent": "flytre:items/root",
  "criteria": {
    "bzkkcbcwdlr6b48x": {
      "conditions": {
        "items": [
          {
            "items": [
              "dead_bubble_coral_block"
            ]
          }
        ],
        "player": [
          {
            "condition": "minecraft:value_check",
            "value": {
              "type": "minecraft:score",
              "target": {
                "type": "minecraft:fixed",
                "name": "bzkkcbcwdlr6b48x"
              },
              "score": "global"
            },
            "range": {
              "min": 1
            }
          }
        ]
      },
      "trigger": "minecraft:inventory_changed"
    }
  },
  "requirements": [
    [
      "bzkkcbcwdlr6b48x"
    ]
  ],
  "rewards": {
    "function": "flytre:detect/bzkkcbcwdlr6b48x/base"
  }
}