{
  "parent": "flytre:items/root",
  "criteria": {
    "ugoxb4b6u1zc5c51": {
      "conditions": {
        "items": [
          {
            "items": [
              "dead_fire_coral_block"
            ]
          }
        ],
        "player": [
          {
            "condition": "minecraft:value_check",
            "value": {
              "type": "minecraft:score",
              "target": {
                "type": "minecraft:fixed",
                "name": "ugoxb4b6u1zc5c51"
              },
              "score": "global"
            },
            "range": {
              "min": 1
            }
          }
        ]
      },
      "trigger": "minecraft:inventory_changed"
    }
  },
  "requirements": [
    [
      "ugoxb4b6u1zc5c51"
    ]
  ],
  "rewards": {
    "function": "flytre:detect/ugoxb4b6u1zc5c51/base"
  }
}