{
  "parent": "flytre:items/root",
  "criteria": {
    "x40npl3tmr7y6lhl": {
      "conditions": {
        "items": [
          {
            "items": [
              "acacia_sapling"
            ]
          }
        ],
        "player": [
          {
            "condition": "minecraft:value_check",
            "value": {
              "type": "minecraft:score",
              "target": {
                "type": "minecraft:fixed",
                "name": "x40npl3tmr7y6lhl"
              },
              "score": "global"
            },
            "range": {
              "min": 1
            }
          }
        ]
      },
      "trigger": "minecraft:inventory_changed"
    }
  },
  "requirements": [
    [
      "x40npl3tmr7y6lhl"
    ]
  ],
  "rewards": {
    "function": "flytre:detect/x40npl3tmr7y6lhl/base"
  }
}