{"stats":{"minecraft:used":{"minecraft:stone_axe":17,"minecraft:stone_sword":5,"minecraft:cobblestone":1,"minecraft:stone_pickaxe":17},"minecraft:killed":{"minecraft:pig":1,"minecraft:cow":1},"minecraft:mined":{"minecraft:short_grass":5,"minecraft:acacia_log":10,"minecraft:coal_ore":6,"minecraft:oak_log":6,"minecraft:acacia_leaves":1,"minecraft:tall_grass":3,"minecraft:iron_ore":4,"minecraft:stone":7},"minecraft:picked_up":{"minecraft:raw_iron":7,"minecraft:stone_axe":1,"minecraft:leather":1,"minecraft:acacia_log":10,"minecraft:beef":6,"minecraft:porkchop":2,"minecraft:stone_pickaxe":1,"minecraft:oak_log":6,"minecraft:coal":6,"minecraft:cobblestone":14},"minecraft:custom":{"minecraft:deaths":1,"minecraft:time_since_rest":1912,"minecraft:crouch_one_cm":2156,"minecraft:play_time":9568,"minecraft:sprint_one_cm":22951,"minecraft:damage_taken":508,"minecraft:walk_one_cm":13081,"minecraft:sneak_time":1949,"minecraft:walk_under_water_one_cm":15148,"minecraft:mob_kills":2,"minecraft:jump":245,"minecraft:damage_dealt":511,"minecraft:walk_on_water_one_cm":2387,"minecraft:time_since_death":1907,"minecraft:total_world_time":9568,"minecraft:damage_resisted":20,"minecraft:swim_one_cm":17757,"minecraft:fall_one_cm":3723,"minecraft:fly_one_cm":39661}},"DataVersion":3700}