{"stats":{"minecraft:custom":{"minecraft:mob_kills":13,"minecraft:interact_with_anvil":3,"minecraft:interact_with_crafting_table":3,"minecraft:play_one_minute":20499,"minecraft:leave_game":1,"minecraft:time_since_death":0,"minecraft:climb_one_cm":2809,"minecraft:time_since_rest":84,"minecraft:walk_one_cm":53738,"minecraft:sprint_one_cm":81328,"minecraft:open_enderchest":2,"minecraft:damage_taken":4281,"minecraft:damage_absorbed":80,"minecraft:drop":36,"minecraft:damage_dealt":2444,"minecraft:talked_to_villager":2,"minecraft:fly_one_cm":160554,"minecraft:player_kills":2,"minecraft:open_chest":6,"minecraft:crouch_one_cm":6098,"minecraft:deaths":9,"minecraft:sneak_time":1581,"minecraft:jump":717,"minecraft:walk_on_water_one_cm":1387,"minecraft:fall_one_cm":21625},"minecraft:picked_up":{"minecraft:enchanting_table":1,"minecraft:ender_chest":2,"minecraft:end_portal_frame":2,"minecraft:potato":1,"minecraft:enchanted_book":15,"minecraft:magenta_dye":2,"minecraft:wooden_hoe":1,"minecraft:string":5,"lucky:lucky_bow":4,"lucky:lucky_potion":40,"minecraft:wooden_sword":1,"minecraft:quartz_slab":7,"minecraft:cooked_mutton":3,"minecraft:pufferfish":1,"minecraft:zombie_head":3,"minecraft:diamond_leggings":1,"lucky:lucky_sword":2,"minecraft:light_blue_dye":1,"minecraft:iron_ingot":23,"minecraft:player_head":1,"minecraft:ender_eye":5,"minecraft:poppy":1,"minecraft:quartz_stairs":4,"minecraft:nether_quartz_ore":25,"minecraft:pumpkin":8,"minecraft:quartz":29,"minecraft:porkchop":7,"minecraft:cake":1,"minecraft:carrot":1,"minecraft:brown_dye":4,"minecraft:spider_eye":1,"minecraft:tnt":9,"minecraft:quartz_block":18,"minecraft:rotten_flesh":3,"minecraft:diamond":42,"minecraft:slime_block":1,"minecraft:pumpkin_pie":10,"minecraft:emerald":24,"minecraft:bone_meal":2,"minecraft:gold_ingot":20,"minecraft:bread":1,"minecraft:white_terracotta":4,"minecraft:jack_o_lantern":14,"minecraft:mutton":17,"minecraft:skeleton_skull":2,"minecraft:nether_star":1},"minecraft:mined":{"minecraft:tall_grass":1,"lucky:lucky_block":42,"minecraft:oak_leaves":1},"minecraft:killed_by":{"minecraft:player":2,"minecraft:hoglin":1,"minecraft:creeper":1,"minecraft:guardian":1,"minecraft:magma_cube":1},"minecraft:dropped":{"minecraft:enchanted_book":8,"minecraft:iron_ingot":15,"minecraft:bread":1,"minecraft:brown_dye":4,"minecraft:player_head":1,"minecraft:ender_chest":1,"minecraft:tnt":9,"minecraft:rotten_flesh":3,"minecraft:cooked_mutton":3,"minecraft:white_terracotta":4,"minecraft:light_blue_dye":1,"minecraft:poppy":1,"minecraft:potato":1,"minecraft:wooden_hoe":1,"minecraft:mutton":17,"minecraft:iron_chestplate":1,"minecraft:quartz_stairs":4,"minecraft:jack_o_lantern":1,"minecraft:end_portal_frame":2,"minecraft:wooden_sword":1,"lucky:lucky_bow":1,"minecraft:spider_eye":1,"minecraft:bone_meal":2,"minecraft:magenta_dye":2,"minecraft:quartz":29,"minecraft:gold_ingot":20},"minecraft:killed":{"minecraft:cave_spider":1,"minecraft:pig":1,"minecraft:spider":4,"minecraft:zombie":1},"minecraft:used":{"minecraft:jack_o_lantern":13,"minecraft:ender_chest":1,"lucky:lucky_sword":46,"minecraft:zombie_head":3,"minecraft:slime_block":1,"minecraft:pumpkin_pie":8,"minecraft:skeleton_skull":2,"lucky:lucky_potion":17,"minecraft:pumpkin":8},"minecraft:crafted":{"minecraft:diamond_helmet":1,"minecraft:diamond_leggings":1,"minecraft:iron_chestplate":1,"minecraft:diamond_boots":1,"minecraft:diamond_chestplate":1}},"DataVersion":2586}