{"stats":{"minecraft:used":{"minecraft:stone_axe":14,"minecraft:stone_sword":16,"minecraft:dirt":2,"minecraft:cobblestone":1,"minecraft:porkchop":3,"minecraft:stone_shovel":1,"minecraft:stone_pickaxe":20},"minecraft:killed":{"minecraft:pig":4,"minecraft:chicken":2},"minecraft:killed_by":{"minecraft:skeleton":1},"minecraft:crafted":{"minecraft:oak_planks":44},"minecraft:picked_up":{"minecraft:feather":4,"minecraft:chicken":2,"minecraft:peony":1,"minecraft:porkchop":7,"minecraft:oak_log":11,"minecraft:dirt":2,"minecraft:cobblestone":18},"minecraft:mined":{"minecraft:short_grass":1,"minecraft:grass_block":2,"minecraft:oak_log":11,"minecraft:stone":18,"minecraft:oak_leaves":1,"minecraft:peony":1},"minecraft:custom":{"minecraft:deaths":1,"minecraft:time_since_rest":585,"minecraft:crouch_one_cm":2158,"minecraft:play_time":10019,"minecraft:sprint_one_cm":32799,"minecraft:damage_taken":496,"minecraft:walk_one_cm":22655,"minecraft:sneak_time":415,"minecraft:walk_under_water_one_cm":174,"minecraft:mob_kills":6,"minecraft:jump":296,"minecraft:damage_dealt":774,"minecraft:walk_on_water_one_cm":3904,"minecraft:time_since_death":581,"minecraft:total_world_time":10019,"minecraft:damage_resisted":40,"minecraft:swim_one_cm":9741,"minecraft:fall_one_cm":3865,"minecraft:fly_one_cm":38356}},"DataVersion":3700}