{"stats":{"minecraft:custom":{"minecraft:mob_kills":10,"minecraft:interact_with_crafting_table":3,"minecraft:eat_cake_slice":4,"minecraft:leave_game":2,"minecraft:time_since_death":3712,"minecraft:climb_one_cm":2786,"minecraft:damage_resisted":122,"minecraft:sprint_one_cm":70837,"minecraft:walk_one_cm":64146,"minecraft:drop":86,"minecraft:talked_to_villager":4,"minecraft:deaths":9,"minecraft:sneak_time":1365,"minecraft:jump":748,"minecraft:walk_on_water_one_cm":1112,"minecraft:play_record":1,"minecraft:traded_with_villager":2,"minecraft:play_one_minute":22660,"minecraft:time_since_rest":3739,"minecraft:damage_taken":4437,"minecraft:open_enderchest":1,"minecraft:damage_absorbed":241,"minecraft:damage_dealt":2585,"minecraft:player_kills":2,"minecraft:fly_one_cm":171304,"minecraft:open_chest":1,"minecraft:crouch_one_cm":4297,"minecraft:fall_one_cm":44113,"minecraft:horse_one_cm":3760},"minecraft:picked_up":{"minecraft:wooden_axe":1,"minecraft:ender_chest":2,"minecraft:anvil":1,"minecraft:rabbit_stew":9,"minecraft:enchanted_book":16,"minecraft:diamond_horse_armor":1,"lucky:lucky_potion":15,"minecraft:cooked_salmon":2,"minecraft:wooden_sword":3,"minecraft:bucket":1,"minecraft:beef":1,"minecraft:red_dye":2,"minecraft:ender_eye":5,"minecraft:wooden_shovel":1,"minecraft:poppy":2,"minecraft:spruce_trapdoor":3,"minecraft:stick":2,"minecraft:hoglin_spawn_egg":1,"minecraft:orange_dye":4,"minecraft:jukebox":1,"minecraft:gray_dye":2,"minecraft:porkchop":3,"minecraft:white_dye":5,"minecraft:cake":1,"minecraft:cookie":10,"minecraft:carrot":1,"minecraft:brown_dye":4,"minecraft:iron_horse_armor":1,"minecraft:black_dye":7,"minecraft:phantom_spawn_egg":1,"minecraft:quartz_block":1,"minecraft:arrow":3,"minecraft:rotten_flesh":19,"minecraft:tropical_fish":1,"minecraft:blue_dye":6,"minecraft:bookshelf":8,"minecraft:gold_ingot":24,"minecraft:mutton":1,"minecraft:obsidian":14,"minecraft:panda_spawn_egg":1,"minecraft:skeleton_skull":2,"minecraft:purple_dye":7,"minecraft:golden_carrot":3,"minecraft:water_bucket":2,"minecraft:music_disc_stal":1,"minecraft:beacon":2,"minecraft:potato":2,"minecraft:magenta_dye":1,"minecraft:light_gray_dye":4,"minecraft:wandering_trader_spawn_egg":1,"minecraft:wooden_hoe":1,"lucky:lucky_bow":1,"minecraft:cooked_mutton":1,"minecraft:bone":15,"minecraft:apple":4,"minecraft:wheat_seeds":3,"minecraft:light_blue_dye":1,"minecraft:rabbit_hide":1,"minecraft:silverfish_spawn_egg":1,"minecraft:iron_ingot":17,"minecraft:rabbit":2,"minecraft:green_dye":5,"minecraft:book":12,"minecraft:pillager_spawn_egg":1,"minecraft:milk_bucket":2,"minecraft:cooked_porkchop":1,"minecraft:pig_spawn_egg":1,"minecraft:lava_bucket":3,"minecraft:melon":4,"minecraft:fermented_spider_eye":14,"minecraft:spider_eye":12,"minecraft:leather_helmet":1,"minecraft:lime_dye":3,"minecraft:sugar":13,"minecraft:diamond":41,"minecraft:lever":1,"minecraft:crossbow":1,"minecraft:painting":8,"minecraft:bone_meal":11,"minecraft:golden_apple":3,"minecraft:emerald":18,"minecraft:golden_horse_armor":1,"minecraft:bread":1,"minecraft:cyan_dye":6,"minecraft:baked_potato":6,"minecraft:ender_pearl":10},"minecraft:mined":{"minecraft:grass_block":1,"minecraft:oxeye_daisy":1,"minecraft:fire":11,"lucky:lucky_block":36,"minecraft:tall_grass":8,"minecraft:grass":16},"minecraft:killed_by":{"minecraft:player":2,"minecraft:creeper":2,"minecraft:spider":1,"minecraft:magma_cube":1,"minecraft:hoglin":1},"minecraft:dropped":{"minecraft:water_bucket":1,"minecraft:enchanted_book":12,"minecraft:bread":1,"minecraft:porkchop":3,"minecraft:black_dye":7,"minecraft:orange_dye":4,"minecraft:baked_potato":6,"minecraft:glass_bottle":1,"minecraft:diamond":1,"minecraft:golden_horse_armor":1,"minecraft:bookshelf":8,"minecraft:cyan_dye":6,"minecraft:crossbow":1,"minecraft:cookie":9,"minecraft:book":12,"minecraft:apple":1,"minecraft:iron_horse_armor":1,"minecraft:purple_dye":7,"minecraft:leather_helmet":1,"minecraft:stick":1,"minecraft:lava_bucket":2,"minecraft:diamond_horse_armor":1,"minecraft:blue_dye":6,"minecraft:milk_bucket":2,"minecraft:wooden_hoe":1,"minecraft:green_dye":5,"minecraft:wooden_axe":1,"minecraft:rabbit":1,"minecraft:wooden_sword":3,"minecraft:bone_meal":8,"minecraft:red_dye":2,"minecraft:sugar":8,"minecraft:bucket":2,"minecraft:gray_dye":2,"minecraft:bone":11,"minecraft:brown_dye":4,"minecraft:lever":1,"minecraft:bowl":3,"minecraft:rotten_flesh":19,"minecraft:lime_dye":3,"minecraft:ender_eye":5,"minecraft:poppy":2,"minecraft:light_blue_dye":1,"minecraft:rabbit_hide":1,"minecraft:potato":2,"minecraft:spruce_trapdoor":3,"minecraft:quartz_block":1,"minecraft:wooden_shovel":1,"minecraft:white_dye":5,"minecraft:rabbit_stew":5,"minecraft:light_gray_dye":4,"minecraft:painting":4,"minecraft:magenta_dye":1},"minecraft:killed":{"minecraft:llama":3,"minecraft:zombie":5},"minecraft:used":{"minecraft:silverfish_spawn_egg":1,"minecraft:ender_chest":2,"minecraft:anvil":1,"minecraft:obsidian":14,"minecraft:wandering_trader_spawn_egg":1,"minecraft:lava_bucket":6,"minecraft:panda_spawn_egg":1,"minecraft:music_disc_stal":1,"minecraft:rabbit_stew":3,"minecraft:golden_carrot":2,"lucky:lucky_potion":15,"minecraft:water_bucket":1,"minecraft:ender_pearl":10,"minecraft:beacon":2,"minecraft:cookie":1,"minecraft:golden_apple":2,"minecraft:phantom_spawn_egg":1,"minecraft:cake":1,"minecraft:hoglin_spawn_egg":1,"minecraft:apple":1,"minecraft:pig_spawn_egg":1,"minecraft:diamond_sword":76,"minecraft:wooden_sword":1,"minecraft:potion":1,"minecraft:bucket":5,"minecraft:splash_potion":1,"minecraft:jukebox":1,"minecraft:pillager_spawn_egg":1},"minecraft:crafted":{"minecraft:diamond_leggings":1,"minecraft:iron_boots":1,"minecraft:splash_potion":1,"minecraft:diamond_sword":1,"minecraft:iron_helmet":1,"minecraft:potion":1,"minecraft:diamond_chestplate":1}},"DataVersion":2586}