{"stats":{"minecraft:custom":{"minecraft:mob_kills":2,"minecraft:interact_with_crafting_table":4,"minecraft:play_one_minute":17475,"minecraft:leave_game":1,"minecraft:time_since_death":4429,"minecraft:climb_one_cm":2384,"minecraft:time_since_rest":4464,"minecraft:sprint_one_cm":61035,"minecraft:open_enderchest":1,"minecraft:damage_taken":1801,"minecraft:walk_one_cm":68177,"minecraft:drop":45,"minecraft:damage_dealt":729,"minecraft:fly_one_cm":95990,"minecraft:player_kills":1,"minecraft:open_chest":2,"minecraft:crouch_one_cm":1947,"minecraft:deaths":6,"minecraft:sneak_time":693,"minecraft:jump":686,"minecraft:enchant_item":5,"minecraft:fall_one_cm":7399,"minecraft:horse_one_cm":20901},"minecraft:picked_up":{"minecraft:fishing_rod":2,"minecraft:leather_chestplate":2,"minecraft:ender_chest":2,"minecraft:anvil":1,"minecraft:salmon":7,"minecraft:leather_leggings":1,"minecraft:golden_leggings":1,"minecraft:beacon":1,"minecraft:end_portal_frame":5,"minecraft:enchanted_book":5,"minecraft:potion":1,"minecraft:golden_boots":1,"minecraft:lapis_lazuli":11,"minecraft:string":2,"lucky:lucky_bow":1,"minecraft:leather_boots":2,"minecraft:quartz_slab":12,"minecraft:pufferfish":8,"minecraft:bucket":2,"minecraft:spruce_planks":6,"minecraft:iron_ingot":51,"minecraft:stone_pickaxe":1,"minecraft:quartz_stairs":8,"minecraft:stone_hoe":1,"minecraft:spruce_trapdoor":1,"minecraft:golden_helmet":1,"minecraft:nether_quartz_ore":22,"minecraft:black_terracotta":3,"minecraft:milk_bucket":2,"minecraft:bowl":1,"minecraft:quartz":29,"minecraft:dropper":8,"minecraft:spruce_log":2,"minecraft:fermented_spider_eye":16,"minecraft:golden_chestplate":1,"minecraft:leather_helmet":1,"minecraft:quartz_block":21,"minecraft:stone_sword":1,"minecraft:rotten_flesh":4,"minecraft:stone_shovel":1,"minecraft:diamond":53,"minecraft:tropical_fish":8,"minecraft:stone_axe":1,"minecraft:lever":2,"minecraft:hay_block":8,"minecraft:painting":11,"minecraft:gold_ingot":68,"minecraft:golden_horse_armor":2,"minecraft:emerald":46,"minecraft:cod":11},"minecraft:mined":{"minecraft:quartz_block":1,"lucky:lucky_block":36},"minecraft:killed_by":{"minecraft:skeleton":1,"minecraft:magma_cube":1},"minecraft:dropped":{"minecraft:enchanted_book":4,"minecraft:golden_boots":1,"minecraft:lever":2,"minecraft:golden_helmet":1,"minecraft:golden_chestplate":1,"minecraft:bowl":1,"minecraft:golden_horse_armor":2,"minecraft:rotten_flesh":4,"minecraft:black_terracotta":3,"minecraft:salmon":7,"minecraft:leather_helmet":1,"minecraft:cod":7,"minecraft:pufferfish":8,"minecraft:leather_chestplate":2,"minecraft:hay_block":8,"minecraft:milk_bucket":1,"minecraft:spruce_trapdoor":1,"minecraft:spruce_planks":12,"minecraft:leather_boots":1,"minecraft:golden_leggings":1,"minecraft:gold_nugget":1,"minecraft:painting":11,"minecraft:fermented_spider_eye":2,"minecraft:fishing_rod":1,"minecraft:bucket":2,"minecraft:quartz_slab":12},"minecraft:killed":{"minecraft:spider":1,"minecraft:silverfish":1},"minecraft:used":{"minecraft:stone_sword":11,"minecraft:stone_pickaxe":20,"minecraft:ender_chest":1,"minecraft:stone_hoe":1,"minecraft:cod":4,"minecraft:diamond_sword":3},"minecraft:crafted":{"minecraft:diamond_sword":1,"minecraft:spruce_planks":8,"minecraft:diamond_helmet":1,"minecraft:diamond_leggings":1,"minecraft:stick":4,"minecraft:diamond_boots":1,"minecraft:diamond_chestplate":1}},"DataVersion":2586}