{"stats":{"minecraft:dropped":{"minecraft:wheat_seeds":1},"minecraft:used":{"minecraft:stone_axe":4,"minecraft:stone_sword":7,"minecraft:crafting_table":1,"minecraft:furnace":1,"minecraft:stone_shovel":1,"minecraft:stone_pickaxe":17},"minecraft:killed":{"minecraft:pig":1},"minecraft:crafted":{"minecraft:furnace":1,"minecraft:oak_planks":4,"minecraft:cooked_porkchop":1,"minecraft:crafting_table":1,"minecraft:air":0},"minecraft:picked_up":{"minecraft:raw_iron":3,"minecraft:wheat_seeds":2,"minecraft:porkchop":2,"minecraft:oak_log":2,"minecraft:coal":3,"minecraft:cobblestone":9},"minecraft:mined":{"minecraft:short_grass":3,"minecraft:oak_log":3,"minecraft:coal_ore":4,"minecraft:iron_ore":3,"minecraft:stone":10,"minecraft:oak_leaves":3},"minecraft:custom":{"minecraft:interact_with_furnace":3,"minecraft:time_since_rest":8132,"minecraft:crouch_one_cm":382,"minecraft:play_time":8132,"minecraft:sprint_one_cm":28350,"minecraft:damage_taken":252,"minecraft:walk_one_cm":19549,"minecraft:sneak_time":107,"minecraft:walk_under_water_one_cm":127,"minecraft:mob_kills":1,"minecraft:drop":1,"minecraft:jump":264,"minecraft:damage_dealt":251,"minecraft:time_since_death":8132,"minecraft:walk_on_water_one_cm":698,"minecraft:total_world_time":8132,"minecraft:interact_with_crafting_table":1,"minecraft:fall_one_cm":8954,"minecraft:fly_one_cm":52324}},"DataVersion":3700}