{"stats":{"minecraft:dropped":{"minecraft:mutton":1,"minecraft:light_gray_dye":2},"minecraft:used":{"minecraft:wooden_hoe":27,"minecraft:oxeye_daisy":1,"minecraft:stone_sword":7,"minecraft:poppy":1,"minecraft:stone_axe":6,"minecraft:crafting_table":1},"minecraft:killed":{"minecraft:sheep":1,"minecraft:salmon":4},"minecraft:crafted":{"minecraft:oak_planks":16,"minecraft:wooden_hoe":1,"minecraft:crafting_table":1,"minecraft:stick":4,"minecraft:light_gray_dye":2},"minecraft:picked_up":{"minecraft:stick":1,"minecraft:azure_bluet":1,"minecraft:salmon":2,"minecraft:oak_log":4,"minecraft:wheat_seeds":1,"minecraft:poppy":1,"minecraft:oak_sapling":1,"minecraft:mutton":1,"minecraft:white_wool":1,"minecraft:oxeye_daisy":2},"minecraft:mined":{"minecraft:seagrass":1,"minecraft:azure_bluet":1,"minecraft:short_grass":6,"minecraft:oak_log":4,"minecraft:poppy":1,"minecraft:tall_grass":2,"minecraft:oxeye_daisy":2,"minecraft:oak_leaves":35},"minecraft:custom":{"minecraft:time_since_rest":8959,"minecraft:sprint_one_cm":15758,"minecraft:damage_taken":275,"minecraft:walk_one_cm":16283,"minecraft:mob_kills":5,"minecraft:drop":3,"minecraft:damage_dealt":460,"minecraft:swim_one_cm":4275,"minecraft:interact_with_crafting_table":1,"minecraft:fly_one_cm":30852,"minecraft:crouch_one_cm":2064,"minecraft:play_time":8959,"minecraft:sneak_time":655,"minecraft:walk_under_water_one_cm":2274,"minecraft:jump":146,"minecraft:time_since_death":8959,"minecraft:walk_on_water_one_cm":993,"minecraft:total_world_time":8959,"minecraft:fall_one_cm":3100}},"DataVersion":3700}