{"stats":{"minecraft:custom":{"minecraft:mob_kills":6,"minecraft:interact_with_crafting_table":6,"minecraft:leave_game":1,"minecraft:time_since_death":356,"minecraft:climb_one_cm":2517,"minecraft:sprint_one_cm":51748,"minecraft:walk_one_cm":39040,"minecraft:drop":127,"minecraft:deaths":7,"minecraft:sneak_time":797,"minecraft:jump":307,"minecraft:enchant_item":1,"minecraft:play_one_minute":16761,"minecraft:time_since_rest":382,"minecraft:damage_taken":2348,"minecraft:damage_absorbed":80,"minecraft:damage_dealt":1141,"minecraft:player_kills":1,"minecraft:fly_one_cm":89305,"minecraft:open_chest":2,"minecraft:crouch_one_cm":1739,"minecraft:fall_one_cm":5033},"minecraft:picked_up":{"minecraft:wooden_axe":1,"minecraft:allium":15,"minecraft:azure_bluet":16,"minecraft:splash_potion":6,"minecraft:chicken":8,"minecraft:iron_trapdoor":4,"minecraft:anvil":2,"minecraft:redstone_lamp":16,"minecraft:leather_leggings":1,"minecraft:diamond_sword":1,"minecraft:cooked_rabbit":1,"minecraft:enchanted_book":7,"minecraft:potion":3,"minecraft:heavy_weighted_pressure_plate":2,"minecraft:lapis_block":1,"minecraft:oak_trapdoor":4,"lucky:lucky_potion":25,"minecraft:sticky_piston":16,"minecraft:blue_orchid":24,"lucky:lucky_sword":1,"minecraft:comparator":5,"minecraft:bucket":2,"minecraft:light_weighted_pressure_plate":2,"minecraft:beef":1,"minecraft:redstone_torch":16,"minecraft:poppy":11,"minecraft:piston":8,"minecraft:golden_helmet":4,"minecraft:stick":1,"minecraft:oak_door":2,"minecraft:note_block":2,"minecraft:porkchop":2,"minecraft:stone_button":4,"minecraft:carrot":16,"minecraft:redstone":92,"minecraft:golden_chestplate":2,"minecraft:stone_pressure_plate":4,"minecraft:tnt":12,"minecraft:stone_sword":1,"minecraft:stone_shovel":2,"minecraft:rotten_flesh":1,"minecraft:iron_block":3,"minecraft:pink_tulip":9,"minecraft:mutton":2,"minecraft:oxeye_daisy":20,"minecraft:leather_chestplate":1,"minecraft:clock":1,"minecraft:cooked_beef":2,"minecraft:repeater":16,"minecraft:golden_carrot":6,"minecraft:iron_door":2,"minecraft:tripwire_hook":4,"minecraft:water_bucket":2,"minecraft:golden_leggings":4,"minecraft:beacon":2,"minecraft:potato":4,"minecraft:mushroom_stew":1,"minecraft:golden_boots":3,"lucky:lucky_bow":1,"minecraft:leather_boots":1,"minecraft:cooked_mutton":1,"minecraft:oak_fence_gate":2,"minecraft:stone_pickaxe":1,"minecraft:cooked_chicken":7,"minecraft:rabbit":3,"minecraft:diamond_helmet":1,"minecraft:stone_hoe":1,"minecraft:milk_bucket":2,"minecraft:cooked_porkchop":2,"minecraft:daylight_detector":2,"minecraft:dandelion":17,"minecraft:oak_pressure_plate":4,"minecraft:dropper":10,"minecraft:lava_bucket":2,"minecraft:melon":1,"minecraft:diamond_block":1,"minecraft:red_terracotta":6,"minecraft:leather_helmet":1,"minecraft:dispenser":8,"minecraft:stone_axe":1,"minecraft:lever":4,"minecraft:crossbow":1,"minecraft:golden_horse_armor":2,"minecraft:oak_button":4,"minecraft:baked_potato":4,"minecraft:hopper":8,"minecraft:nether_star":1},"minecraft:mined":{"minecraft:fire":1,"minecraft:diamond_block":1,"lucky:lucky_block":34,"minecraft:iron_block":4,"minecraft:lapis_block":1},"minecraft:killed_by":{"minecraft:player":1,"minecraft:creeper":1,"minecraft:magma_cube":1,"minecraft:rabbit":1,"minecraft:skeleton":1,"minecraft:zombie":1},"minecraft:dropped":{"minecraft:enchanted_book":7,"minecraft:stone_hoe":1,"minecraft:golden_boots":3,"minecraft:daylight_detector":2,"minecraft:piston":8,"minecraft:porkchop":2,"minecraft:oak_pressure_plate":4,"minecraft:clock":1,"minecraft:golden_helmet":4,"minecraft:nether_star":1,"minecraft:golden_horse_armor":2,"minecraft:apple":3,"minecraft:leather_helmet":1,"minecraft:mushroom_stew":1,"minecraft:stick":3,"minecraft:light_weighted_pressure_plate":2,"minecraft:oxeye_daisy":20,"minecraft:redstone_lamp":16,"minecraft:melon":1,"minecraft:milk_bucket":1,"minecraft:iron_trapdoor":4,"minecraft:stone_button":4,"minecraft:dispenser":8,"minecraft:repeater":16,"minecraft:mutton":2,"minecraft:wooden_axe":1,"minecraft:rabbit":2,"minecraft:iron_door":2,"minecraft:gold_nugget":1,"minecraft:tripwire_hook":4,"minecraft:bucket":2,"minecraft:dandelion":17,"minecraft:redstone":39,"minecraft:pink_tulip":9,"minecraft:oak_door":2,"minecraft:note_block":2,"minecraft:anvil":1,"minecraft:stone_axe":1,"minecraft:lever":3,"minecraft:oak_trapdoor":4,"minecraft:golden_chestplate":2,"minecraft:stone_sword":1,"minecraft:sticky_piston":8,"minecraft:stone_shovel":2,"minecraft:chicken":8,"minecraft:rotten_flesh":1,"minecraft:comparator":5,"minecraft:azure_bluet":16,"minecraft:red_terracotta":6,"minecraft:poppy":11,"minecraft:oak_fence_gate":2,"minecraft:leather_chestplate":1,"minecraft:potato":4,"minecraft:oak_button":4,"minecraft:allium":15,"minecraft:heavy_weighted_pressure_plate":2,"minecraft:dropper":10,"minecraft:hopper":8,"minecraft:leather_boots":1,"minecraft:golden_leggings":4,"minecraft:leather_leggings":1,"minecraft:stone_pressure_plate":4,"minecraft:spruce_log":2,"minecraft:beacon":2,"minecraft:blue_orchid":24,"minecraft:beef":1,"minecraft:stone_pickaxe":1,"minecraft:cooked_rabbit":1,"minecraft:splash_potion":1},"minecraft:killed":{"minecraft:spider":2,"minecraft:pig":1,"minecraft:rabbit":1,"minecraft:zombie":3},"minecraft:used":{"minecraft:wooden_axe":1,"minecraft:golden_carrot":3,"lucky:lucky_potion":6,"minecraft:stone_pickaxe":4,"minecraft:tnt":6,"minecraft:crafting_table":1,"minecraft:sticky_piston":8,"minecraft:lever":1,"minecraft:iron_pickaxe":4,"minecraft:diamond_sword":22,"minecraft:splash_potion":1},"minecraft:crafted":{"minecraft:diamond":9,"minecraft:iron_boots":1,"minecraft:crafting_table":1,"minecraft:stick":4,"minecraft:iron_ingot":27,"minecraft:iron_pickaxe":1,"minecraft:iron_leggings":1,"minecraft:lapis_lazuli":9,"minecraft:diamond_chestplate":1}},"DataVersion":2586}